[
    {
        "id": "1",
        "projectname": "random quote generater",
        "description": "This project generates random quotes on clicking",
        "technology": [
            "Html",
            "CSS",
            "Javascript",
            "Forloop"
        ],
        "image_urls": "../css/photos/project1.png",
        "githubLink": "https://github.com/Hardawinder/bmiByHardawinderSingh.git",
        "projectLink": "http://localhost:3000/project/1",
        "allImages": [
            "../css/photos/project1s1.png",
            "../css/photos/project1s2.png",
            "../css/photos/project1s3.png"
        ],
        "oneDriveLink": "https://1drv.ms/v/s!Atv_-uaaZ03rgeYq94C49UXkU6ApcA"
    },
    {
        "id": "2",
        "projectname": "BMI Calculator",
        "description": "This project generates the bmi value",
        "technology": [
            "Html",
            "CSS",
            "Javascript",
            "Nodejs",
            "Express"
        ],
        "image_urls": "../css/photos/project2.png",
        "githubLink": "https://github.com/Hardawinder/bmiByHardawinderSingh.git",
        "projectLink": "http://localhost:3000/project/2",
        "allImages": [
            "../css/photos/project2s1.png",
            "../css/photos/project2s2.png",
            "../css/photos/project2s3.png"
        ],
        "oneDriveLink": "https://1drv.ms/v/s!Atv_-uaaZ03rgeYpGI8-zDNOO6zxLQ"
    },
    {
        "id": "3",
        "projectname": "Pagination",
        "description": "This project generates Pagination",
        "technology": [
            "Html",
            "CSS",
            "Javascript",
            "Forloop"
        ],
        "image_urls": "../css/photos/project3.png",
        "githubLink": "https://github.com/Hardawinder/paginationAssignmentByHardawinderSingh.git",
        "projectLink": "http://localhost:3000/project/3",
        "allImages": [
            "../css/photos/project3s1.png",
            "../css/photos/project3s2.png",
            "../css/photos/project3s3.png"
        ],
        "oneDriveLink": "https://1drv.ms/v/s!Atv_-uaaZ03rgeYonFKDI1M1X_IHVg"
    },
    {
        "id": "4",
        "projectname": "Random Profile Generator",
        "description": "This project generates random profiles",
        "technology": [
            "Html",
            "CSS",
            "Javascript",
            "Api"
        ],
        "image_urls": "../css/photos/project4.png",
        "githubLink": "https://github.com/Hardawinder/RandomProfilePictures.git",
        "projectLink": "http://localhost:3000/project/4",
        "allImages": [
            "../css/photos/project4s1.png",
            "../css/photos/project4s2.png",
            "../css/photos/project4s3.png"
        ],
        "oneDriveLink": "https://1drv.ms/v/s!Atv_-uaaZ03rgeYlmRHFJ2X56LmjCA?e=lyTB0J"
    },
    {
        "id": "5",
        "projectname": "Random Dog Generator",
        "description": "This project generates random dog pictures",
        "technology": [
            "Html",
            "CSS",
            "Javascript",
            "Forloop",
            "Api",
            "tec2"
        ],
        "image_urls": "../css/photos/project5.png",
        "githubLink": "https://github.com/Hardawinder/RandomApiDogGenerator75.git",
        "projectLink": "http://localhost:3000/project/5",
        "allImages": [
            "../css/photos/project5s1.png",
            "../css/photos/project5s2.png",
            "../css/photos/project5s3.png"
        ],
        "oneDriveLink": "https://1drv.ms/v/s!Atv_-uaaZ03rgeYn1tmd0T5cuKWeWg?e=fKiTmR"
    },
    {
        "id": "6",
        "projectname": "Hover Over Images",
        "description": "This project show picture when hover over",
        "technology": [
            "Html",
            "CSS",
            "Javascript"
            
        ],
        "image_urls": "../css/photos/project6.png",
        "githubLink": "https://github.com/Hardawinder/imageHoverOverProject.git",
        "projectLink": "http://localhost:3000/project/6",
        "allImages": [
            "../css/photos/project6s1.png",
            "../css/photos/project6s2.png",
            "../css/photos/project6s3.png"
        ],
        "oneDriveLink": "https://1drv.ms/v/s!Atv_-uaaZ03rgeYn1tmd0T5cuKWeWg?e=fKiTmR"
    }
]